{
    "npy_file_path": "/mnt/c/Users/lobac_000/OneDrive - Fermi National Accelerator Laboratory/FUR/SRW_SLAC_undulator_spectrum/Ex_3D_with_losses.npy",
    "Sx": 150.96585801243214,
    "Sy": 120.67384278137428,
    "dx": 548234.8735736432,
    "dy": -247663.40045622655,
    "sxp": 0.00023265807507931146,
    "syp": 0.00023148229886993364,
    "xmin": -0.007257142857142857,
    "xmax": 0.007257142857142857,
    "ymin": -0.00513157492632523,
    "ymax": 0.00513157492632523,
    "lmin": 0.85,
    "lmax": 1.3,
    "sz": 286275.88162576384,
    "m0": 100000,
    "mfold": 24,
    "kmax": 1000
}