{
    "npy_file_path": "/mnt/c/Users/lobac_000/OneDrive - Fermi National Accelerator Laboratory/FUR/SRW_SLAC_undulator_spectrum/Ex_3D_with_losses.npy",
    "Sx": 543.4075575484093,
    "Sy": 319.6868561127596,
    "dx": 0,
    "dy": 0,
    "sxp": 0.0000000043265807507931146,
    "syp": 0.0000000043148229886993364,
    "xmin": -0.007257142857142857,
    "xmax": 0.007257142857142857,
    "ymin": -0.00513157492632523,
    "ymax": 0.00513157492632523,
    "lmin": 0.85,
    "lmax": 1.3,
    "sz": 286275.88162576384,
    "m0": 100000,
    "mfold": 24,
    "kmax": 1000
}